{"vertices": [0, 1, 2, 3, 4, 5], "omega_B": [5, 6.9677398201998155, 7.782804340948174, 8.408225344662528, 8.935479640399631, 9.4], "gamma": [0.6786776210789429, 0.7668761652923606, 0.7992239091901714, 0.8258497641182101, 0.8496330757889982, 0.8663404479432092], "method": "rho_scheduling_v3_stratABD", "omega_B_min": 5, "omega_B_max": 9.4, "omega_u": 25, "schedule_type": "sqrt", "controllers": [{"A": [[-0.03518822255816084, 4.995662063763227, -0.12874131604288613, -0.012560105556229202, 0.00011531805846778147, 1.1770748561356566e-08], [-12543.10484764015, -1574.9537423749064, -45890.67467377469, -4077.381872473293, 1.271042528692812e-12, 1.566525003522491e-11], [-3.0701247210366285, -0.3784782376910474, -11.282505317619437, -1.095852184727867, 2.5180613442876942, 1.410444501292047e-11], [-3512.06935733914, -436.98704786495784, -12849.388908656541, -1391.6669242924859, 6.1717736481741395e-15, -2.4547987816221077e-15], [76.62710961160576, 9.44642190148939, 280.35161252196576, 27.351327098172984, -63.05112065522631, -3.296256202161604e-10], [2.0097943755510697e-07, -49.99999997013511, 7.353129941599429e-07, 7.173772264723386e-08, -6.586453319415147e-10, -0.1000000063810873]], "B": [[9.196017421673164e-05, 9.386561851161535e-09], [1.0135905332478565e-12, 1.2492224908472813e-11], [2.0080234005484003, 1.1247563806156674e-11], [4.921669575896443e-15, -1.9575747859825415e-15], [-0.20025570592210332, -2.628593462648807e-10], [-5.252355119150835e-10, 49.99999999491141]], "C": [-878.0173393347859, -109.24676196623955, -3212.3472271641385, -285.41673107312175, 3.122953498932383e-38, -5.288764484998114e-32], "D": [0, 0], "gamma": 0.6786776210789429, "rho": 0, "omega_B": 5}, {"A": [[-0.0009367032297303773, 4.999887557971135, -0.004221924253782349, -0.00032441051502875187, 1.599079279010773e-05, 1.175959676159478e-08], [-3051.1054831258994, -395.1033560604606, -13755.013399543277, -657.6991394935853, 2.8290300994083416e-13, 4.720607805633038e-11], [-0.16163190752710585, -0.019400705908615513, -0.7981873989319236, -0.055978338391595384, 2.510759275572987, 3.2217413786008436e-12], [-854.3095352752472, -106.62893969691798, -3851.403751872097, -434.15575905820265, 8.698928835173801e-16, 9.459016957465636e-15], [4.037507923433481, 0.4846227766815413, 18.197922336308103, 1.3983191082416955, -62.868925728584884, -7.956478439847903e-11], [9.282576791931535e-09, -49.99999998354913, 4.1838583290440726e-08, 3.2148554871046856e-09, -1.5846615800196914e-10, -0.1000000192321977]], "B": [[1.2751828381266132e-05, 9.377668868895359e-09], [2.256004863961995e-13, 3.764440036389983e-11], [2.002200379244806, 2.5691717532702103e-12], [6.936944844636205e-16, 7.543075723656808e-15], [-0.05496469584121486, -6.344879138634691e-11], [-1.2636854705101207e-10, 49.99999998466332]], "C": [-213.57738381881182, -26.657234924229492, -962.8509379680244, -46.03893976455066, -6.128527820798589e-40, 6.031056605542199e-35], "D": [0, 0], "gamma": 0.7668761652923606, "rho": 1, "omega_B": 6.9677398201998155}, {"A": [[-0.002078743483199038, 4.999750315637121, -0.010039868330962844, -0.0007183690130860539, 2.451801244668053e-05, 1.175961118975304e-08], [-4735.188139647634, -597.8090545510083, -22871.522629751034, -1238.0077275056656, 4.337801281634549e-13, 4.7206078762831055e-11], [-0.39851122553734925, -0.04786462839200301, -2.0025485609456104, -0.1377169035562516, 2.5127002928766125, 4.488021632792167e-12], [-1325.8526791013285, -163.3865352742707, -6404.026336330246, -596.6421637015833, -6.394819932120857e-15, -3.555673306457755e-15], [9.957748771203574, 1.1960113392412337, 48.09371013968948, 3.4411836838776804, -62.91744797289781, -1.2160557541862992e-10], [2.059831775782372e-08, -49.99999998219195, 9.948528993569442e-08, 7.118335339864521e-09, -2.429495583135652e-10, -0.10000001922884394]], "B": [[1.9551844056364058e-05, 9.3776803746037e-09], [3.4591716759446164e-13, 3.764440092729749e-11], [2.0037482399335027, 3.5789646194514887e-12], [-5.099537425933698e-15, -2.8354651566648763e-15], [-0.09365867057241695, -9.697414307705736e-11], [-1.937396796758893e-10, 49.99999998466599]], "C": [-331.46316977533183, -40.84663381856764, -1601.00658408256, -86.66054092539571, 3.460568585458583e-38, 3.0667046027958356e-34], "D": [0, 0], "gamma": 0.7992239091901714, "rho": 2, "omega_B": 7.782804340948174}, {"A": [[-0.0017810201703793392, 4.999787670560433, -0.0044955208183930645, -0.0006094606168805475, 2.3152412510033952e-05, 1.175960962738083e-08], [-4529.075771301325, -569.1601080638973, -11432.930371158076, -1151.9837208264844, 4.094264741192411e-13, 4.720608072272468e-11], [-0.7110343426833553, -0.08476425936457382, -1.8788231234765072, -0.24331416135749562, 5.025243107226839, 8.82605532633713e-12], [-1268.1412159643653, -155.36483025788, -3201.2205039242463, -572.5554418314136, 1.2759558404397133e-15, -5.276651386676932e-15], [8.88491622049592, 1.0591940469526617, 22.426655522062088, 3.0403959543826105, -62.91549967195339, -1.1466966129666146e-10], [1.764822528572846e-08, -49.9999999825619, 4.45463591593311e-08, 6.039178246496371e-09, -2.2941850890603464e-10, -0.10000001922909263]], "B": [[1.8462848891574124e-05, 9.377679128692847e-09], [3.2649639084468987e-13, 3.764440249021107e-11], [4.007370898904975, 7.038321631847791e-12], [1.0175086446887667e-15, -4.207855970236788e-15], [-0.09210500155772995, -9.144311108186719e-11], [-1.829493691435683e-10, 49.99999998466579]], "C": [-317.03530399109115, -38.84120756446998, -800.3051259810611, -80.63886045785335, -2.9371712315569975e-36, -3.0782877559757656e-35], "D": [0, 0], "gamma": 0.8258497641182101, "rho": 3, "omega_B": 8.408225344662528}, {"A": [[-0.0010026767765534627, 4.99988178203537, -0.002613443617993685, -0.00033860823429925405, 1.764368197988725e-05, 1.1759624653321422e-08], [-3496.8190824465455, -441.6375276273303, -9116.015493238407, -783.495448468907, 3.1179216488498477e-13, 4.7206076911423026e-11], [-0.40440426222017667, -0.04767643722505603, -1.1434210348011609, -0.13656904834778283, 5.023116131897427, 6.647748229056095e-12], [-979.1093430850239, -119.658507735641, -2552.484338106731, -469.3787255712914, 3.283897985132517e-17, -2.948494215709779e-14], [5.05392882795009, 0.5958229005407197, 13.172897139011797, 1.7067333728416205, -62.88893186224709, -8.739465783049417e-11], [9.935520850369936e-09, -49.999999983494675, 2.5896604135107287e-08, 3.355267869644328e-09, -1.7483118613220148e-10, -0.10000001922882973]], "B": [[1.406992183404087e-05, 9.377691111101613e-09], [2.4863809001992404e-13, 3.7644399450895556e-11], [4.005674746329687, 5.301234632421128e-12], [2.6187384251455482e-17, -2.3512713043937634e-14], [-0.0709185504362809, -6.969270959369551e-11], [-1.3941880871786402e-10, 49.999999984666005]], "C": [-244.7773357712562, -29.91462693391026, -638.1210845266833, -54.84468139282285, 1.7037337376054636e-41, 4.02690855274611e-34], "D": [0, 0], "gamma": 0.8496330757889982, "rho": 4, "omega_B": 8.935479640399631}, {"A": [[-0.002393871588417261, 4.99971703879277, -0.0064370316835429065, -0.0008089614610283292, 2.7548430290679052e-05, 1.175960990878079e-08], [-5506.832127256068, -680.4205083334236, -14808.365446416647, -1463.9534802796752, 4.869070180232604e-13, 4.720607564854831e-11], [-1.0295880099750385, -0.1216956717881362, -2.8625238729074827, -0.34792886336876605, 5.027848393896477, 1.0906640420637452e-11], [-1541.9129956316924, -186.51774233334726, -4146.342324996643, -659.9069744783069, 4.470858545237919e-15, -7.94411303079177e-14], [12.868401014204244, 1.5210246147882813, 34.602651807138905, 4.348621093940395, -62.94808824749018, -1.36556538203782e-10], [2.3722614348004508e-08, -49.99999998183935, 6.378922784058094e-08, 8.016587378904012e-09, -2.729974284142815e-10, -0.10000001925726565]],